Freq,Amplitude
0.0,0.8545239746582174
0.03337783711615487,0.005359811594381947
0.06675567423230974,0.0032156583396917046
0.10013351134846461,0.010690787792958964
0.13351134846461948,0.01515883420243021
0.16688918558077437,0.0156305218898139
0.20026702269692923,0.00942635061284628
0.23364485981308408,0.013712623462932177
0.26702269692923897,0.00484280575191055
0.30040053404539385,0.0048419768758580775
0.33377837116154874,0.0023022203029990015
0.36715620827770357,0.009260247566704904
0.40053404539385845,0.008027504185100637
0.43391188251001334,0.009932319528111142
0.46728971962616817,0.003131762621134573
0.5006675567423231,0.0039756638979653565
0.5340453938584779,0.0035871008816235703
0.5674232309746328,0.007114529916975937
0.6008010680907877,0.0047903989518264705
0.6341789052069425,0.010698365642369258
0.6675567423230975,0.009437036527300132
0.7009345794392523,0.0035017599549647914
0.7343124165554071,0.013906759200237293
0.7676902536715621,0.00552507146112334
0.8010680907877169,0.005347945438787022
0.8344459279038717,0.008968987167481134
0.8678237650200267,0.005979581421108845
0.9012016021361815,0.006415455891158284
0.9345794392523363,0.006571208030579075
0.9679572763684913,0.008605571224040147
1.0013351134846462,0.00685910316574379
1.034712950600801,0.004554759542376802
1.0680907877169559,0.009645818215844768
1.1014686248331107,0.008561286016896272
1.1348464619492655,0.010770502926175846
1.1682242990654206,0.0046098544410204615
1.2016021361815754,0.0032954788514768293
1.2349799732977302,0.0033305456842398187
1.268357810413885,0.007029835725367802
1.30173564753004,0.005354233478011786
1.335113484646195,0.0026081127943692415
1.3684913217623498,0.0057814919892077345
1.4018691588785046,0.00968905118138686
1.4352469959946594,0.0070630659250699316
1.4686248331108143,0.008117480152042139
1.502002670226969,0.004786086896739692
1.5353805073431241,0.0013954645095680528
1.568758344459279,0.004305151417907077
1.6021361815754338,0.008380718793173706
1.6355140186915886,0.002217892143664574
1.6688918558077435,0.0038574739354403052
1.7022696929238985,0.007628702028974307
1.7356475300400533,0.013168205033997012
1.7690253671562082,0.005678499669676336
1.802403204272363,0.009108230411232605
1.8357810413885178,0.004432757150798194
1.8691588785046727,0.0018893936268101744
1.9025367156208277,0.006484710437410352
1.9359145527369825,0.003750286434282837
1.9692923898531374,0.006022090549632849
2.0026702269692924,0.004368882219365459
2.0360480640854473,0.004806090857233117
2.069425901201602,0.000976861220847275
2.102803738317757,0.004593910126415543
2.1361815754339117,0.0038976187971657282
2.1695594125500666,0.004562790573058318
2.2029372496662214,0.003077145024175529
2.2363150867823762,0.012021320804690434
2.269692923898531,0.0031966355410086196
2.303070761014686,0.01049510107912185
2.336448598130841,0.00638463234089003
2.369826435246996,0.001793461372510724
2.403204272363151,0.004475819007727722
2.4365821094793056,0.003044592708222334
2.4699599465954605,0.007713286783985052
2.5033377837116153,0.0006737496481416305
2.53671562082777,0.0020816294050124136
2.570093457943925,0.0056294650232599445
2.60347129506008,0.005504787096746662
2.6368491321762346,0.0017270583361475725
2.67022696929239,0.00552235970990486
2.7036048064085447,0.005331503820412281
2.7369826435246996,0.001327544533514012
2.7703604806408544,0.00733156395034042
2.803738317757009,0.006294195444535888
2.837116154873164,0.005890753571212781
2.870493991989319,0.004544125584537255
2.9038718291054737,0.00814717858148595
2.9372496662216285,0.0036257671029626456
2.9706275033377834,0.005475001982697268
3.004005340453938,0.004974211466822749
3.0373831775700935,0.006268470373529563
3.0707610146862483,0.0007949508182019384
3.104138851802403,0.003605513861596496
3.137516688918558,0.009606975082446777
3.170894526034713,0.0033552639314823
3.2042723631508676,0.009028438074418024
3.2376502002670224,0.006182620654524717
3.2710280373831773,0.0033275924058482165
3.304405874499332,0.007149526563442225
3.337783711615487,0.003423734578905914
3.3711615487316418,0.00500258628714905
3.404539385847797,0.0023654615773401806
3.437917222963952,0.00421541891332004
3.4712950600801067,0.0026741037724870888
3.5046728971962615,0.005677378911545255
3.5380507343124163,0.006587235406887369
3.571428571428571,0.0024660155111468998
3.604806408544726,0.003907445619803162
3.638184245660881,0.003938721232510005
3.6715620827770357,0.003998800750280328
3.7049399198931905,0.0026760158927877013
3.7383177570093453,0.0006706153794594276
3.7716955941255006,0.002196277686914792
3.8050734312416554,0.006667213500999505
3.8384512683578103,0.0060933330359767965
3.871829105473965,0.004107232448914014
3.90520694259012,0.004032389048739124
3.9385847797062747,0.003981745101554634
3.9719626168224296,0.004033223926077499
4.005340453938585,0.005775802191078109
4.03871829105474,0.004085249733559697
4.0720961281708945,0.0033040712437351232
4.105473965287049,0.002226427262101143
4.138851802403204,0.005102518227224567
4.172229639519359,0.002037200518161294
4.205607476635514,0.008691224122810731
4.238985313751669,0.004146716067080111
4.2723631508678235,0.00553751794572079
4.305740987983978,0.002779098116091541
4.339118825100133,0.0014205622521284362
4.372496662216288,0.0012971941535273902
4.405874499332443,0.0012258895590160446
4.439252336448598,0.007246672363927243
4.4726301735647525,0.003543481376570879
4.506008010680907,0.0035622000138909654
4.539385847797062,0.0015396107848040025
4.572763684913217,0.004103254588947082
4.606141522029372,0.0027910983170069854
4.6395193591455275,0.0014050910795120803
4.672897196261682,0.007073343437547832
4.706275033377837,0.0009190439629475422
4.739652870493992,0.001001011963912189
4.773030707610147,0.0035887238963239402
4.806408544726302,0.0025438750661854735
4.8397863818424565,0.002465828422478711
4.873164218958611,0.004036673411939409
4.906542056074766,0.00032597901132146715
4.939919893190921,0.002148212766218432
4.973297730307076,0.000868267569447593
5.006675567423231,0.0031875300767337084
5.040053404539385,0.0015078539560433725
5.07343124165554,0.004159901752461771
5.106809078771695,0.004357463102341364
5.14018691588785,0.004238793861191146
5.173564753004005,0.00022653394752981528
5.20694259012016,0.004151675534265066
5.240320427236314,0.004260542371016311
5.273698264352469,0.0015770017603306213
5.307076101468624,0.002148898873279728
5.34045393858478,0.0034663777443376324
5.373831775700935,0.0030314514230184624
5.4072096128170895,0.0024117595256076124
5.440587449933244,0.0014076484839220709
5.473965287049399,0.004075920358396142
5.507343124165554,0.0038456943316686545
5.540720961281709,0.0022108469146826996
5.574098798397864,0.00441229376921111
5.607476635514018,0.0018903092348136583
5.640854472630173,0.0033788988778171193
5.674232309746328,0.0027464533496631203
5.707610146862483,0.00528089714662988
5.740987983978638,0.002992522311735755
5.774365821094793,0.0020270529145294184
5.807743658210947,0.0011292756225679572
5.841121495327102,0.0023635932509003246
5.874499332443257,0.0019582860217182757
5.907877169559412,0.000761219899884935
5.941255006675567,0.004363712788037752
5.9746328437917215,0.0005661959233370402
6.008010680907876,0.0027438405665888726
6.041388518024031,0.0014059551153720552
6.074766355140187,0.0008599192926608722
6.108144192256342,0.0015857668170314154
6.141522029372497,0.0023089796533289765
6.174899866488651,0.002855636818266204
6.208277703604806,0.0010647197850295923
6.241655540720961,0.0030795727883123356
6.275033377837116,0.002374011807865758
6.308411214953271,0.0032817308438997544
6.341789052069426,0.00339835818261853
6.37516688918558,0.0032094132983545415
6.408544726301735,0.0006509221646349906
6.44192256341789,0.0034539090069427235
6.475300400534045,0.0028797698473221433
6.5086782376502,0.003605137298149564
6.5420560747663545,0.0028765729524562146
6.575433911882509,0.004749918697604552
6.608811748998664,0.001163461652996831
6.642189586114819,0.0004853000601672191
6.675567423230974,0.002310922371528259
6.708945260347129,0.002554999595071366
6.7423230974632835,0.0022577642527232067
6.775700934579439,0.0029758176548090823
6.809078771695594,0.003087747565993543
6.842456608811749,9.711170847757199e-05
6.875834445927904,0.0021231140493397117
6.9092122830440585,0.0026061990206469204
6.942590120160213,0.0019573659725961277
6.975967957276368,0.0003554352121353868
7.009345794392523,0.0022077844855105597
7.042723631508678,0.0007758843271178682
7.076101468624833,0.001913719830313699
7.1094793057409875,0.0016769006640851602
7.142857142857142,0.003496105863157008
7.176234979973297,0.0008824316291590652
7.209612817089452,0.001349336424551643
7.242990654205607,0.0022861335617269303
7.276368491321762,0.0013543900510518208
7.3097463284379165,0.002995670030469939
7.343124165554071,0.0002549098255834573
7.376502002670226,0.0038491884356376743
7.409879839786381,0.0010849470897985936
7.443257676902536,0.0031635165211221067
7.476635514018691,0.0009956335684688192
7.510013351134846,0.0015716618657809535
7.543391188251001,0.004109508022440018
7.576769025367156,0.002827996411525626
7.610146862483311,0.0032781582690808025
7.643524699599466,0.0012240563413004994
7.6769025367156205,0.001299437831654556
7.710280373831775,0.004973893224114956
7.74365821094793,0.00040799622886663966
7.777036048064085,0.0005590061801591782
7.81041388518024,0.0036330889591284507
7.843791722296395,0.00026105831697837133
7.8771695594125495,0.002134983769412157
7.910547396528704,0.0007590255569083089
7.943925233644859,0.0008529091018668264
7.977303070761014,0.0014018167158848503
8.01068090787717,0.0020808821283755836
8.044058744993324,0.0020063206822870205
8.07743658210948,0.001959777976022573
8.110814419225633,0.00209770419575201
8.144192256341789,0.00019734479912456195
8.177570093457943,0.0008664203590145242
8.210947930574099,0.0018276237487094287
8.244325767690253,0.0021994852097756324
8.277703604806408,0.0012163914795790827
8.311081441922562,0.0017368082120559555
8.344459279038718,0.0025961184136710285
8.377837116154872,0.0009739815608438577
8.411214953271028,0.003790907643746595
8.444592790387182,0.0013862356896253629
8.477970627503337,0.0006324716571357068
8.511348464619491,0.001094297901723863
8.544726301735647,0.002858077273891848
8.578104138851803,0.0020437565797039353
8.611481975967957,0.0014103495431479032
8.644859813084112,0.0026954562092829926
8.678237650200266,0.0006637069109748155
8.711615487316422,0.0015388897931307743
8.744993324432576,0.0021165906964000568
8.778371161548732,0.0009649355625906241
8.811748998664886,0.0018242921514155228
8.845126835781041,0.00222765804259433
8.878504672897195,0.0024462187981539826
8.911882510013351,0.0022911914558431416
8.945260347129505,0.0018195742707221674
8.97863818424566,0.0019603484324972205
9.012016021361815,0.001563907140727388
9.04539385847797,0.0011193863575040075
9.078771695594124,0.001198221216357879
9.11214953271028,0.0016615023996411388
9.145527369826434,0.0003266291702481566
9.17890520694259,0.001108920133672408
9.212283044058744,0.001317909107041309
9.2456608811749,0.0005034794717975667
9.279038718291055,0.0014731105467572904
9.312416555407209,0.0013223968416525244
9.345794392523365,0.0015377528079196054
9.379172229639519,0.001602460600552352
9.412550066755674,0.0016689399604147793
9.445927903871828,0.0011139804596934362
9.479305740987984,0.00103158895781603
9.512683578104138,0.0002448814730686992
9.546061415220294,0.002815498902320484
9.579439252336448,0.0021772259046804452
9.612817089452603,0.0010724971639948658
9.646194926568757,0.0020970171151107908
9.679572763684913,0.002570417630037548
9.712950600801067,0.000367650422405049
9.746328437917223,0.0011639483041480502
9.779706275033377,0.0014254036890384283
9.813084112149532,0.0009104326579700841
9.846461949265686,0.002062042554270909
9.879839786381842,0.0020735501488040884
9.913217623497996,0.0005535432065419633
9.946595460614152,0.002368490547828821
9.979973297730307,0.0027795531219629733
10.013351134846461,0.0014181327829599004
10.046728971962617,0.001057085955634433
10.08010680907877,0.0003656249852010386
10.113484646194927,0.00040965489714929465
10.14686248331108,0.0016019779387712848
10.180240320427236,0.0020396239767805427
10.21361815754339,0.0013361963784293076
10.246995994659546,0.0010840755988128922
10.2803738317757,0.0006314931191895147
10.313751668891856,0.0017461908248830658
10.34712950600801,0.0015387121057833975
10.380507343124165,0.001857360975261651
10.41388518024032,0.0009778748078779686
10.447263017356475,0.0009180046209758276
10.480640854472629,0.00046613152152179894
10.514018691588785,0.0015284471999428089
10.547396528704938,0.003043994696145205
10.580774365821094,0.0003624785515939723
10.614152202937248,0.0011822260737587554
10.647530040053404,0.0018049985072332536
10.68090787716956,0.0014102590246570545
10.714285714285714,0.0017806647524271613
10.74766355140187,0.0014291552628002292
10.781041388518023,0.0012879826550365495
10.814419225634179,0.0011753956231859697
10.847797062750333,0.0014702288849672187
10.881174899866489,0.001329105819224314
10.914552736982643,0.0011479940068316408
10.947930574098798,0.00035455243909146875
10.981308411214952,0.0006064565058321253
11.014686248331108,0.0013422517179728303
11.048064085447262,0.0003125626096811315
11.081441922563418,0.0010785086205629022
11.114819759679571,0.00219064547518565
11.148197596795727,0.000526212279381092
11.181575433911881,0.0008254316938090106
11.214953271028037,0.00048164472478781005
11.24833110814419,0.000929445097288293
11.281708945260347,0.0007511045406833996
11.3150867823765,0.0012127515262295274
11.348464619492656,0.0010466584943388353
11.38184245660881,0.0023662313280445827
11.415220293724966,0.0015860200530961777
11.448598130841122,0.001998797468405341
11.481975967957275,0.001572958400658623
11.515353805073431,0.00037621909401503573
11.548731642189585,0.00016050474101118203
11.58210947930574,0.0012401535405871247
11.615487316421895,0.0019775059760237857
11.64886515353805,0.0007981257170901049
11.682242990654204,0.0010973261786893294
11.71562082777036,0.0008688817491178622
11.748998664886514,0.0006307252422623386
11.78237650200267,0.001177470918476134
11.815754339118824,0.0003903607174408012
11.84913217623498,0.0013390379298364532
11.882510013351133,0.0017022266743029729
11.91588785046729,0.0020046361595881215
11.949265687583443,0.0005560887917502547
11.982643524699599,0.00037443105723970993
12.016021361815753,0.0015197675182004075
12.049399198931908,0.003162211434271396
12.082777036048062,0.0009851354739746705
12.116154873164218,0.0012895141179955975
12.149532710280374,0.00045683580013934584
12.182910547396528,0.0007141248448302778
12.216288384512684,0.0003096481434963031
12.249666221628837,4.18482798512861e-05
12.283044058744993,0.0011907676972490215
12.316421895861147,0.001771250836548669
12.349799732977303,3.3898177535115345e-05
12.383177570093457,0.0011481505191057383
12.416555407209612,0.002245230337350798
12.449933244325766,0.002293458065558595
12.483311081441922,0.002576233730969567
12.516688918558076,0.0005866110277107533
12.550066755674232,0.00034992369725701724
12.583444592790386,0.0014968866281820428
12.616822429906541,0.0006074990152165518
12.650200267022695,0.0015318534026903673
12.683578104138851,0.000523040543026189
12.716955941255005,0.0011004329988628047
12.75033377837116,0.0007370302015800485
12.783711615487315,0.0007402581139090468
12.81708945260347,0.001695830264442487
12.850467289719626,0.0010326136006338288
12.88384512683578,0.00047765433668099135
12.917222963951936,0.0013084017584421431
12.95060080106809,0.00032132566703944675
12.983978638184245,0.001881365281685914
13.0173564753004,0.00044143000626834715
13.050734312416555,0.0008029125557754263
13.084112149532709,0.0010153070021603056
13.117489986648865,0.00048636029486908035
13.150867823765019,0.0003844068676301321
13.184245660881174,0.0021581983618374034
13.217623497997328,0.0011001634981323098
13.251001335113484,0.0015192631220303874
13.284379172229638,0.00174211451602155
13.317757009345794,0.0020779885043232015
13.351134846461948,0.0004803189390383838
13.384512683578103,0.0010309963428758416
13.417890520694257,0.0004465175185380379
13.451268357810413,0.00011764905682689319
13.484646194926567,0.0017389225680444504
13.518024032042723,0.0016022802459472612
13.551401869158878,0.0008189384425838245
13.584779706275032,0.000537327287741317
13.618157543391188,0.0007215076926029668
13.651535380507342,0.0005301375929318902
13.684913217623498,0.0005515270300308563
13.718291054739652,0.0007158825082019764
13.751668891855807,0.0008535874241968154
13.785046728971961,0.0006049632558329519
13.818424566088117,0.002112073605485648
13.851802403204271,0.000410995195388811
13.885180240320427,0.00041889331031194095
13.91855807743658,0.00021552435108974238
13.951935914552736,0.0009638061661781973
13.98531375166889,0.0005119741488384798
14.018691588785046,0.0009024095433402011
14.0520694259012,0.00044877709282733515
14.085447263017356,0.0007574866736574484
14.11882510013351,0.0008390228741681294
14.152202937249665,0.0005946308452919417
14.18558077436582,4.1680254723700704e-05
14.218958611481975,0.00034734220757614523
14.25233644859813,0.000569595561306823
14.285714285714285,0.0008480058617200514
14.31909212283044,0.001950394503302968
14.352469959946594,0.0009521487133603866
14.38584779706275,0.0011513378035252176
14.419225634178904,0.0010038055016972423
14.45260347129506,0.0011168045005893606
14.485981308411214,0.0011343606637414336
14.51935914552737,0.0011149484571977028
14.552736982643523,0.0016621791270518469
14.586114819759679,0.0008188358254428342
14.619492656875833,0.0018548732075101197
14.652870493991989,0.0007244843397872481
14.686248331108143,0.0005377682546375003
14.719626168224298,0.0012109495140381764
14.753004005340452,0.0007064538060379856
14.786381842456608,0.001960034161859953
14.819759679572762,0.0008704917475650435
14.853137516688918,0.0014497195422378893
14.886515353805072,0.0010263616873811454
14.919893190921227,0.0008696029865197062
14.953271028037381,0.0010514356371411468
14.986648865153537,0.0017554529811233252
15.020026702269693,0.0012335209158478766
15.053404539385847,0.002326790267010304
15.086782376502002,0.0002003013351328872
15.120160213618156,0.0006960746665004722
15.153538050734312,0.00018330984192499472
15.186915887850466,0.0009383906587606449
15.220293724966622,0.0022072798107240763
15.253671562082776,0.0006699753033917995
15.287049399198931,0.0014488444616071153
15.320427236315085,0.00014279284144331797
15.353805073431241,0.00017200507348122127
15.387182910547395,0.0005392012576055103
15.42056074766355,0.0010110283675644175
15.453938584779705,0.0007376488852207741
15.48731642189586,0.0004139058050138293
15.520694259012014,0.0004153837826355212
15.55407209612817,0.000888570557516892
15.587449933244324,0.0007362590949018932
15.62082777036048,0.00011657804523888658
15.654205607476634,0.00015194712724658527
15.68758344459279,0.0010774762884981947
15.720961281708945,0.0007781604446393252
15.754339118825099,0.0009559083249777047
15.787716955941255,0.0007222901540498589
15.821094793057409,0.001043429152455177
15.854472630173564,0.001307448459553185
15.887850467289718,0.0007917370076360495
15.921228304405874,0.0004155993901532455
15.954606141522028,0.0004948326660294166
15.987983978638184,0.0005408037834003678
16.02136181575434,0.000365225022794797
16.05473965287049,0.00041959515299637326
16.088117489986647,0.001399705133498586
16.121495327102803,0.0005298026522360768
16.15487316421896,0.000634096569272962
16.18825100133511,0.0004800761271061084
16.221628838451267,0.0008794014220984122
16.255006675567422,0.0007100763570345019
16.288384512683578,0.0008684163356279876
16.32176234979973,0.001327012357254203
16.355140186915886,0.0009478335443774103
16.38851802403204,0.0011523941612346289
16.421895861148197,0.0008796546098642329
16.455273698264353,0.0006106152429293589
16.488651535380505,0.000781618665761049
16.52202937249666,0.000690376722345914
16.555407209612817,0.0008251404953769489
16.588785046728972,0.0010596149099234998
16.622162883845125,0.0011386648923489575
16.65554072096128,0.000487502401261311
16.688918558077436,0.0005757924468917117
16.72229639519359,0.0014568753444087067
16.755674232309744,0.00043979354028432965
16.7890520694259,0.0008910483692648674
16.822429906542055,0.0013107899869898066
16.85580774365821,0.0013849013333010571
16.889185580774363,0.00034367108984066815
16.92256341789052,0.0008140413909158364
16.955941255006675,0.0009866941329541876
16.98931909212283,0.001134050497056625
17.022696929238982,0.0010441148352488122
17.056074766355138,0.0014869107284144045
17.089452603471294,0.0007103475252622878
17.12283044058745,0.0009030814397708889
17.156208277703605,0.0006879349946812758
17.189586114819758,0.0007717658066297326
17.222963951935913,0.0009513236048318138
17.25634178905207,0.001424413250919324
17.289719626168225,0.0005251973809580738
17.323097463284377,0.0006051425399712639
17.356475300400533,0.0011569371322975692
17.38985313751669,0.0009227142573386984
17.423230974632844,0.0013255476944126667
17.456608811748996,0.00040212557349538505
17.489986648865152,0.0008393058764726162
17.523364485981308,0.001548845181482479
17.556742323097463,0.0013068400129352168
17.590120160213615,0.0006942640348173438
17.62349799732977,0.0011754251166250943
17.656875834445927,0.00048674266144790006
17.690253671562083,0.0006717522799202946
17.723631508678235,0.000994114381886195
17.75700934579439,0.0008953517739915952
17.790387182910546,0.0008424673164533209
17.823765020026702,0.0001058717418385077
17.857142857142858,0.0003911400755314746
17.89052069425901,0.0011269494692774486
17.923898531375166,0.0008911528900873679
17.95727636849132,0.0015320853846084437
17.990654205607477,0.00039716414859121673
18.02403204272363,0.0010261207265740582
18.057409879839785,0.00035438383889470706
18.09078771695594,0.0012379838740883284
18.124165554072096,0.0006786151602787195
18.15754339118825,0.0012431773681411706
18.190921228304404,0.00040230016847100464
18.22429906542056,0.0009264198716731185
18.257676902536716,0.0010870467431140793
18.291054739652868,0.0013388589458948454
18.324432576769023,0.0008382786749462158
18.35781041388518,0.0009959899477574776
18.391188251001335,0.0003963161355162061
18.424566088117487,0.000305872441418485
18.457943925233643,0.0006651530773207428
18.4913217623498,0.0007301035092467425
18.524699599465954,0.0014688195882093002
18.55807743658211,0.0007009756606138681
18.591455273698262,0.002008513607807101
18.624833110814418,0.0009306951386951303
18.658210947930574,0.0007127732433964032
18.69158878504673,0.0011151291878100298
18.72496662216288,0.0008689649623898
18.758344459279037,0.00045715739631066427
18.791722296395193,0.00015864168815110617
18.82510013351135,0.0005786312913503478
18.8584779706275,0.0007964910038246136
18.891855807743656,0.0010396481692585638
18.925233644859812,0.000281980562294747
18.958611481975968,0.0007698893050095067
18.99198931909212,0.00048583493192508564
19.025367156208276,0.0012747414179463028
19.05874499332443,0.0006971545604829478
19.092122830440587,0.0007438473052131691
19.12550066755674,0.0011752168374731125
19.158878504672895,0.0008515222116235432
19.19225634178905,0.0007885918081243313
19.225634178905207,0.00040829671224533584
19.259012016021362,0.001310827031787305
19.292389853137514,0.0008009139283877004
19.32576769025367,0.0011304909019046777
19.359145527369826,0.0003287486857280298
19.39252336448598,0.0009339404796869543
19.425901201602134,0.0005767754182557488
19.45927903871829,0.0005169220419485955
19.492656875834445,0.0006483625739235388
19.5260347129506,0.0005628396477444992
19.559412550066753,0.0010360465341776477
19.59279038718291,0.0010441163550247417
19.626168224299064,0.00045582591224560667
19.65954606141522,0.0007767215334602128
19.692923898531372,0.0008198708311213448
19.726301735647528,0.001448165437803475
19.759679572763684,0.0007179550655523359
19.79305740987984,0.0005200698011283033
19.82643524699599,0.0011139473394397219
19.859813084112147,0.0004064122443019368
19.893190921228303,0.0012088798862728417
19.92656875834446,0.0009405536157417287
19.959946595460615,0.001341107161095161
19.993324432576767,0.0006792678233027163
20.026702269692922,0.000629992085235224
20.060080106809078,0.00023662395010157108
20.093457943925234,0.0009447957732112102
20.126835781041386,0.0010827971918652593
20.16021361815754,3.9842981627083555e-05
20.193591455273697,0.0013836394834126503
20.226969292389853,0.0009668905731158569
20.260347129506005,0.0009511307322352683
20.29372496662216,0.00038069586375604175
20.327102803738317,0.0008959629631538314
20.360480640854473,0.0005166616588091717
20.393858477970625,0.0006603406100265841
20.42723631508678,0.0005032758462209728
20.460614152202936,0.00023463833807501778
20.493991989319092,0.001306207739798459
20.527369826435244,0.0008246867203746504
20.5607476635514,0.00017910585135046442
20.594125500667555,0.0006565983140106484
20.62750333778371,0.0004225062232220332
20.660881174899867,0.0007086617521164472
20.69425901201602,0.0004312819891856446
20.727636849132175,0.0003387449334379452
20.76101468624833,3.1172403872692795e-05
20.794392523364486,0.0002045548636219427
20.82777036048064,0.0006993268706713986
20.861148197596794,0.0012702689511039443
20.89452603471295,0.000990206324243721
20.927903871829105,0.00026325700128009547
20.961281708945258,0.000510249224428785
20.994659546061413,0.0010818247004893697
21.02803738317757,0.0010875591393087291
21.061415220293725,0.0009713672881733495
21.094793057409877,0.0006171196328480684
21.128170894526033,0.00020948990412690302
21.16154873164219,0.0003509406387597244
21.194926568758344,0.0009326018840223686
21.228304405874496,0.0008052718302232476
21.261682242990652,0.0007199928454065913
21.295060080106808,0.0007360369752593796
21.328437917222963,0.0008006957116552685
21.36181575433912,0.0007017237130532581
21.39519359145527,0.0008117867100063371
21.428571428571427,0.0008497345941374389
21.461949265687583,0.0005723614713677682
21.49532710280374,0.00046172703268235215
21.52870493991989,0.000670727492993659
21.562082777036046,0.0013208990287775276
21.595460614152202,0.0006989601178395983
21.628838451268358,0.0007728410295448671
21.66221628838451,0.00029868520256911424
21.695594125500666,0.00040230655663066935
21.72897196261682,0.00044109778138212176
21.762349799732977,0.0008109842120981473
21.79572763684913,0.00037638505616749434
21.829105473965285,0.00043847553402675675
21.86248331108144,0.00034924865567677495
21.895861148197596,0.00019186581718775203
21.92923898531375,0.0005078455474208231
21.962616822429904,0.0004056262035048853
21.99599465954606,0.0008346731105620977
22.029372496662216,0.0009255998350850563
22.062750333778368,0.0009689725838514837
22.096128170894524,0.0005059933925289101
22.12950600801068,0.0006097482890877751
22.162883845126835,0.0001945933083693458
22.19626168224299,0.0005943365676342328
22.229639519359143,0.0005824521020193699
22.2630173564753,0.0002228863577182197
22.296395193591454,0.00042224213234775464
22.32977303070761,0.0008486432902399042
22.363150867823762,0.0002366278580975882
22.396528704939918,0.0010293700599990352
22.429906542056074,0.0011706630380783596
22.46328437917223,0.0009789749112905407
22.49666221628838,0.0008078626182882569
22.530040053404537,0.0008083970794702704
22.563417890520693,0.00040541207425500797
22.59679572763685,0.0009795872864440355
22.630173564753,0.0014489238778487934
22.663551401869157,0.0009538436299364632
22.696929238985312,0.0004873935590041017
22.730307076101468,0.0006043584084183232
22.76368491321762,0.0001310882322292141
22.797062750333776,0.0006220818204115338
22.83044058744993,0.0002770999508618689
22.863818424566087,0.0002579843020667815
22.897196261682243,0.00023615004236706943
22.930574098798395,0.0008822441946919434
22.96395193591455,0.0005111548598056994
22.997329773030707,0.0010041872779040012
23.030707610146862,0.0006411187817978332
23.064085447263015,0.0008052975375176098
23.09746328437917,0.00021287685903205304
23.130841121495326,0.0007491446336982433
23.16421895861148,0.0008275573729942306
23.197596795727634,0.000651916988373178
23.23097463284379,0.001080164001657476
23.264352469959945,0.00018703438809327826
23.2977303070761,0.00038356134388911194
23.331108144192253,0.0007996288971141447
23.36448598130841,0.0005279191787788801
23.397863818424565,0.000207445032024583
23.43124165554072,0.0007156919869016287
23.464619492656873,0.0008824528444310087
23.49799732977303,0.0003826116057238826
23.531375166889184,0.0002992525082247684
23.56475300400534,0.0002911279435466685
23.598130841121495,0.00010824395360581148
23.631508678237648,0.00025711762857776553
23.664886515353803,0.0005831396892811882
23.69826435246996,0.001109733486131115
23.731642189586115,0.0012858235284163837
23.765020026702267,0.00042590443947849803
23.798397863818423,0.0006536080581865971
23.83177570093458,0.00014589473137369474
23.865153538050734,0.0009422419172150949
23.898531375166886,0.00023465017808725605
23.931909212283042,0.001371752409840423
23.965287049399198,0.00015133056756726118
23.998664886515353,0.00018794636951503677
24.032042723631506,0.0004944096253543229
24.06542056074766,0.00039311502774051494
24.098798397863817,0.0006226836204419378
24.132176234979973,0.00038833624226650756
24.165554072096125,0.0008915306351104752
24.19893190921228,0.0006956995783409212
24.232309746328436,0.00034407157341922686
24.265687583444592,0.0005105238518179263
24.299065420560748,0.0009397236863438395
24.3324432576769,0.000651100627550225
24.365821094793056,0.0006688940701557973
24.39919893190921,0.000576675855478064
24.432576769025367,0.0003588798736989182
24.46595460614152,0.000380542783220908
24.499332443257675,0.0005875488400524132
24.53271028037383,0.0004171587449541878
24.566088117489986,0.00011637155682271902
24.59946595460614,0.0006028436673808534
24.632843791722294,0.0008194199362941999
24.66622162883845,0.0005241574115304146
24.699599465954606,0.00038759783685644373
24.732977303070758,0.0012192500578410257
24.766355140186914,0.0003772714251143708
24.79973297730307,0.0014006768640436814
24.833110814419225,0.0003804052876217986
24.866488651535377,0.0009762695274619586
24.899866488651533,0.000683929620309637
24.93324432576769,0.0003363709753512117
24.966622162883844,0.00039948451055539025
25.0,0.0003711756677682484
25.033377837116152,0.0005358550139558308
25.066755674232308,0.000624693945999894
25.100133511348464,0.0005382636636546618
25.13351134846462,0.0006977638409596255
25.16688918558077,0.00026566122389714116
25.200267022696927,0.0011640607911190726
25.233644859813083,0.0003740510970461988
25.26702269692924,0.0007725796909859946
25.30040053404539,0.0006695392070961071
25.333778371161547,0.0001715382279235217
25.367156208277702,0.0006927895754483108
25.400534045393858,0.0007213685783393482
25.43391188251001,0.00029246391512658353
25.467289719626166,0.0003697115191205627
25.50066755674232,0.00023814612965014574
25.534045393858477,0.0007086610090919929
25.56742323097463,0.0008983958793940639
25.600801068090785,0.0006994210132584513
25.63417890520694,0.0007417629803763278
25.667556742323097,0.00024146673911621593
25.700934579439252,0.00030253454505000066
25.734312416555404,0.0014799168892268874
25.76769025367156,0.0004443844185947827
25.801068090787716,0.0002712943615885663
25.83444592790387,0.0003649363345836156
25.867823765020024,0.0006979483311134522
25.90120160213618,0.0010956190051151847
25.934579439252335,0.0003588417358042183
25.96795727636849,0.0006691284307407969
26.001335113484643,0.0007383469620661814
26.0347129506008,0.001279541511384785
26.068090787716955,0.0005599562138786523
26.10146862483311,0.0006035238701269318
26.134846461949262,1.2072614785699512e-05
26.168224299065418,0.0006431146731792447
26.201602136181574,0.0005011717081520324
26.23497997329773,0.00021619651314702727
26.26835781041388,0.0005459556957094346
26.301735647530037,0.0003778093091490657
26.335113484646193,0.0006488871414342798
26.36849132176235,0.00040195279149095065
26.401869158878505,0.00018812989027777106
26.435246995994657,0.0009582257668257147
26.468624833110812,0.0006421928145510169
26.502002670226968,0.00044489297685348787
26.535380507343124,0.000310998202570343
26.568758344459276,0.00023044396287042634
26.602136181575432,0.0003407190888508399
26.635514018691588,0.0007404915395721005
26.668891855807743,0.0002897267497370294
26.702269692923895,0.0002193988945868875
26.73564753004005,0.0003212570424038662
26.769025367156207,0.0006674523806382487
26.802403204272363,0.000184420536340045
26.835781041388515,0.0005532804898713516
26.86915887850467,0.00023601149171187003
26.902536715620826,0.0008462995706329739
26.935914552736982,0.00017606712803666793
26.969292389853134,0.0005664969732682808
27.00267022696929,0.00021708178611427732
27.036048064085445,0.0010913086648437782
27.0694259012016,0.000360946326325307
27.102803738317757,0.0007339386424061158
27.13618157543391,0.0004399775375091132
27.169559412550065,0.0006562222253765681
27.20293724966622,0.0005409052753373288
27.236315086782376,0.00016106583108521937
27.26969292389853,0.0004465458361187567
27.303070761014684,0.000676611552966916
27.33644859813084,0.00043068393486221695
27.369826435246996,0.0005588302449006954
27.403204272363148,0.0008538933935305938
27.436582109479303,0.000787765477812392
27.46995994659546,0.0006504601758812701
27.503337783711615,0.0012347316974648578
27.536715620827767,0.0005609185179813311
27.570093457943923,0.0006507707565542718
27.60347129506008,0.00032601135235168084
27.636849132176234,0.0010978931114529965
27.670226969292386,0.0007469048963141418
27.703604806408542,0.0006637018998622276
27.736982643524698,0.0004188247802743605
27.770360480640853,0.0005515703520881307
27.80373831775701,0.0008857489772893308
27.83711615487316,0.0008039093091818079
27.870493991989317,0.0004422041913742828
27.903871829105473,9.338162327936889e-05
27.93724966622163,0.0003763967983271005
27.97062750333778,0.0006728251681032206
28.004005340453936,0.0005259066134081054
28.037383177570092,0.00100399754178784
28.070761014686248,0.0006575230593173694
28.1041388518024,0.0010805167172353192
28.137516688918556,0.0003366454554338651
28.17089452603471,0.0003144365882747185
28.204272363150867,0.0003049610856336341
28.23765020026702,0.0009002750116718313
28.271028037383175,0.000359146587522221
28.30440587449933,0.000563085014516951
28.337783711615486,0.0004670585753489038
28.37116154873164,0.0003325942891287394
28.404539385847794,0.00021207521301497102
28.43791722296395,0.0003766099465809277
28.471295060080106,0.0005615540955146685
28.50467289719626,0.0004924035506311916
28.538050734312414,0.00044669054015272395
28.57142857142857,0.000523091017005744
28.604806408544725,0.0008506375933702424
28.63818424566088,0.0006490591796045712
28.671562082777033,0.0008094397024564253
28.70493991989319,0.00045654862524318853
28.738317757009344,0.0005119814515459221
28.7716955941255,0.0005665270319465112
28.805073431241652,0.0007101745119675588
28.838451268357808,0.0005750919624438767
28.871829105473964,0.00044166715084979985
28.90520694259012,0.00040688429012878676
28.93858477970627,0.0008486624557765011
28.971962616822427,0.0009256367907836398
29.005340453938583,0.0006146328086222091
29.03871829105474,0.0007427347448852345
29.07209612817089,0.00026391547314745143
29.105473965287047,0.000446604829483912
29.138851802403202,0.00048600263752800096
29.172229639519358,0.0006540812054083666
29.205607476635514,0.0005776880225600916
29.238985313751666,0.00028485552658622334
29.27236315086782,0.00010187341573962074
29.305740987983977,0.0005849230860956449
29.339118825100133,0.00010319421346243093
29.372496662216285,0.0003987155137057383
29.40587449933244,0.0007732733930776478
29.439252336448597,0.0006049742702359449
29.472630173564752,0.0001790036930151755
29.506008010680905,0.00043227868301096427
29.53938584779706,0.0007469934547335585
29.572763684913216,0.0008099478687167257
29.60614152202937,0.0007813081708843331
29.639519359145524,0.0007261293869766658
29.67289719626168,0.0003828555939910607
29.706275033377835,0.0002629550611525654
29.73965287049399,0.0009811446452229874
29.773030707610143,0.0003551930324572527
29.8064085447263,0.0004664282995644504
29.839786381842455,0.0005328975085745956
29.87316421895861,0.0003165672653835063
29.906542056074763,0.00016386748299269328
29.93991989319092,0.00022348244427305628
29.973297730307074,0.0008855681393807172
30.00667556742323,0.000572267461091234
30.040053404539385,0.00040230367476226637
30.073431241655538,0.0008606285404138328
30.106809078771693,0.0005638184458534881
30.14018691588785,0.00019623353802805652
30.173564753004005,0.0006301037080900004
30.206942590120157,0.00011543842219849001
30.240320427236313,0.00045055306764257695
30.27369826435247,0.0006359241170220896
30.307076101468624,0.000408076666468843
30.340453938584776,6.178193446013007e-05
30.373831775700932,0.0005095095448144684
30.407209612817088,0.0007171398256526551
30.440587449933243,0.00022498693820807947
30.473965287049396,0.000434170758453095
30.50734312416555,0.0002799764349137159
30.540720961281707,0.0009028335797197318
30.574098798397863,0.000539982426912821
30.607476635514015,0.0006156432832134478
30.64085447263017,0.00046755505766303665
30.674232309746326,0.0004238206887474685
30.707610146862482,0.00035435590923930016
30.740987983978638,0.00015073734587644596
30.77436582109479,0.000883884279378165
30.807743658210946,0.00014715075072446065
30.8411214953271,0.0008131558954628466
30.874499332443257,9.811450344258576e-05
30.90787716955941,0.0005541588238205814
30.941255006675565,0.00033409163342989844
30.97463284379172,0.0004191387707326086
31.008010680907876,0.001163512354132278
31.04138851802403,0.0004365291811548042
31.074766355140184,0.00029139615057507473
31.10814419225634,0.0003117550969282539
31.141522029372496,0.0006870552180972959
31.174899866488648,0.0006484808391667769
31.208277703604804,0.00019221239417540698
31.24165554072096,0.0006721317778956175
31.275033377837115,0.0005774727039152784
31.308411214953267,0.0003088530399909662
31.341789052069423,0.0007569022094368191
31.37516688918558,0.0004153066829370057
31.408544726301734,0.0004259547454887579
31.44192256341789,0.00023101541922456665
31.475300400534042,0.0006559759966935435
31.508678237650198,0.00011147131266795853
31.542056074766354,0.0007904515608711264
31.57543391188251,0.0005861025861783289
31.60881174899866,0.0005254660783261159
31.642189586114817,0.0004631589013078105
31.675567423230973,0.00037870502733903117
31.70894526034713,0.00044733605569314026
31.74232309746328,0.0002483212539339476
31.775700934579437,0.001010896157251798
31.809078771695592,0.0009720253183206891
31.842456608811748,0.00023903261259038843
31.8758344459279,0.0006078873565991902
31.909212283044056,0.0006963686897232971
31.94259012016021,0.0007902452496070696
31.975967957276367,0.0005453725027749948
32.00934579439252,0.000387542899934359
32.04272363150868,0.00042975314229691904
32.076101468624834,0.0009188722164192488
32.10947930574098,0.0003152444162127234
32.14285714285714,0.000471884131919516
32.176234979973295,0.000620963349729952
32.20961281708945,0.0008699858601298313
32.242990654205606,0.00047841638889895705
32.27636849132176,0.000494193092820912
32.30974632843792,0.0007926968313109273
32.34312416555407,0.0004207539609036363
32.37650200267022,0.00037728234689861877
32.40987983978638,0.0011139890021959421
32.44325767690253,0.00017630679459843844
32.47663551401869,0.000651538191242763
32.510013351134845,0.00029089300549573643
32.543391188251,0.0006107981303253634
32.576769025367156,0.00048657759198865056
32.61014686248331,0.00045321754793324604
32.64352469959946,0.00028058296167088125
32.676902536715616,0.0002944808943151891
32.71028037383177,0.00022257303932845217
32.74365821094793,0.000635884290910479
32.77703604806408,0.0007029951888254298
32.81041388518024,0.0004043535127499014
32.843791722296395,0.0006467133714355314
32.87716955941255,0.000547007832835727
32.910547396528706,0.00024064484705804202
32.943925233644855,0.0004102053585424156
32.97730307076101,0.0005772539395714812
33.010680907877166,0.00031604198727643344
33.04405874499332,0.00030215644901275703
33.07743658210948,0.00014638032305040177
33.11081441922563,0.0003225072151888235
33.14419225634179,0.00046117397043004345
33.177570093457945,0.00041152795263646073
33.21094793057409,0.0004337652556616391
33.24432576769025,0.0004230194328874246
33.277703604806405,0.0001200475637888944
33.31108144192256,9.341692075663463e-05
33.344459279038716,0.0002531963971560848
33.37783711615487,0.0004732084216005406
33.41121495327103,0.0004416462655783806
33.44459279038718,0.0008427171642685805
33.47797062750334,0.0006817416584265178
33.51134846461949,0.000848871877715875
33.54472630173564,0.0004669375638853217
33.5781041388518,0.00022619757280958145
33.611481975967955,0.0001633715675192724
33.64485981308411,0.0002110673638636389
33.678237650200266,0.00035696122614620537
33.71161548731642,0.00033038084003094765
33.74499332443258,0.0007256806492458907
33.778371161548726,0.0006763203647249708
33.81174899866488,0.00018455956260609265
33.84512683578104,0.0005336669071868392
33.87850467289719,0.0003416959159325001
33.91188251001335,0.0002906396149592817
33.945260347129505,0.0006348011063106586
33.97863818424566,0.000140327067336995
34.012016021361816,0.0011527934613367163
34.045393858477965,0.00016436949563958527
34.07877169559412,0.00046390055740537587
34.112149532710276,0.00015384065821834217
34.14552736982643,0.0007012249086131792
34.17890520694259,0.00038077803399174314
34.21228304405874,0.0005365776292102577
34.2456608811749,0.0002567721855414305
34.279038718291055,0.0009277331861857001
34.31241655540721,0.00048761918725075945
34.34579439252336,0.0002391214105108507
34.379172229639515,0.00022169723605180053
34.41255006675567,0.0004342078242676707
34.44592790387183,3.194343821015502e-05
34.47930574098798,0.0003876732524679246
34.51268357810414,0.000297784294985939
34.546061415220294,0.0007204278326269659
34.57943925233645,0.00016068007308441137
34.6128170894526,0.0007402997056708477
34.646194926568754,0.00046165839704438727
34.67957276368491,0.001061354690094292
34.712950600801065,0.00016628554830005202
34.74632843791722,0.00018415586411896836
34.77970627503338,0.0006189363616370065
34.81308411214953,0.00031036387111032696
34.84646194926569,0.0002548807093843762
34.87983978638184,0.00047829062183352714
34.91321762349799,0.0007653416831445927
34.94659546061415,0.0006426406275451168
34.979973297730304,0.00011987243211561485
35.01335113484646,0.0006037326061723055
35.046728971962615,0.00023981840352323066
35.08010680907877,0.00032454500599074173
35.11348464619493,0.00016887307588369494
35.14686248331108,0.0005347826368212261
35.18024032042723,0.00045749419705763743
35.21361815754339,0.000356459567911167
35.24699599465954,0.00020461734494960654
35.2803738317757,0.0003747572650000332
35.313751668891854,0.0002686384279528631
35.34712950600801,0.0005080243151983732
35.380507343124165,0.000558045518611112
35.41388518024032,7.677066699183597e-06
35.44726301735647,0.00014329801710792565
35.480640854472625,0.0008975896462744609
35.51401869158878,0.00027363660796674147
35.54739652870494,0.0008841414419106798
35.58077436582109,0.0007885731553267054
35.61415220293725,0.0002149133374015503
35.647530040053404,0.0001645169603587354
35.68090787716956,0.0001885371994063353
35.714285714285715,0.0004169737355846789
35.747663551401864,0.00010296615469108574
35.78104138851802,0.00018512230986376016
35.814419225634175,0.0005538877113872645
35.84779706275033,0.0004862285191760853
35.88117489986649,8.725278164699757e-05
35.91455273698264,0.0003546439463166891
35.9479305740988,0.000342870406727702
35.981308411214954,0.001117311299736693
36.0146862483311,0.00028632157201376266
36.04806408544726,0.0002988897975993553
36.081441922563414,0.0002506262416572853
36.11481975967957,1.8906297677772916e-05
36.148197596795725,0.0001745967325609924
36.18157543391188,0.0006834201575395477
36.21495327102804,0.0006012034324021188
36.24833110814419,0.00039637007423080363
36.28170894526034,8.788049613406255e-05
36.3150867823765,0.00024091452178277457
36.34846461949265,6.19613102094062e-05
36.38184245660881,0.0006022104513906988
36.415220293724964,0.0002468488518419947
36.44859813084112,0.0003545524060824941
36.481975967957275,0.0005257767236774807
36.51535380507343,0.00027847161641269657
36.54873164218959,0.0004331838394650775
36.582109479305736,0.0005334676978435834
36.61548731642189,0.0003528410895645575
36.64886515353805,0.0004889588595997839
36.6822429906542,0.00048022491608540715
36.71562082777036,0.0008232648328846549
36.748998664886514,0.00022574078881356402
36.78237650200267,0.0005194226825242133
36.815754339118826,0.0008866086208497657
36.849132176234974,0.0005694131270371198
36.88251001335113,0.000446300303512677
36.915887850467286,0.0003305770004872926
36.94926568758344,0.0005063422782197958
36.9826435246996,0.0003007407850740466
37.01602136181575,5.5918189031388127e-05
37.04939919893191,0.0007286878372844685
37.082777036048064,0.0004270415673057423
37.11615487316422,6.4688144466147146e-06
37.14953271028037,0.0002719791236592138
37.182910547396524,0.00013020973532712097
37.21628838451268,0.0005466796845744881
37.249666221628836,0.0005524173386954565
37.28304405874499,0.0007069269948222376
37.31642189586115,0.0004021773078017516
37.3497997329773,0.000379187389079767
37.38317757009346,0.00011293003551625533
37.41655540720961,0.0004715760493959111
37.44993324432576,0.00018930118256229916
37.48331108144192,0.00017784975132464968
37.516688918558074,0.00044670823398701697
37.55006675567423,0.00024334152493280702
37.583444592790386,0.0002189678129620602
37.61682242990654,0.0003927360882767942
37.6502002670227,0.0006640107721192083
37.683578104138846,0.0005216658464797765
37.716955941255,0.00024536772279244593
37.75033377837116,0.00012311255819765396
37.78371161548731,0.0005250972050709512
37.81708945260347,0.0005418934277220061
37.850467289719624,0.0005185170524091172
37.88384512683578,0.0003768730496893348
37.917222963951936,0.0008978604271072915
37.95060080106809,0.0002579076520224729
37.98397863818424,0.0007087446281525753
38.017356475300396,0.00024110256457461184
38.05073431241655,3.520238254309501e-05
38.08411214953271,9.546780741957041e-06
38.11748998664886,0.00018839453861359213
38.15086782376502,0.00045222573745323417
38.184245660881174,0.0005057197905792746
38.21762349799733,0.00029427586988229167
38.25100133511348,0.0005847342967862668
38.284379172229634,0.00040173157482010976
38.31775700934579,0.0005911469984490197
38.351134846461946,0.0005182099420359078
38.3845126835781,0.00029196425644092494
38.41789052069426,0.0004636754740905875
38.45126835781041,6.178728714645556e-05
38.48464619492657,0.00010284989064010762
38.518024032042725,0.00041875419206593897
38.55140186915887,0.0007215087436084022
38.58477970627503,0.0003269956463729958
38.618157543391185,0.0004902773563003111
38.65153538050734,0.0002438111485312361
38.684913217623496,0.0007913438087898523
38.71829105473965,0.00015030450539143836
38.75166889185581,0.00021474246045978155
38.78504672897196,0.00027565620342515947
38.81842456608811,0.0003330761902712023
38.85180240320427,0.000511989251505221
38.88518024032042,0.0005966613395456567
38.91855807743658,0.0008238894937758012
38.951935914552735,0.0002034443860976944
38.98531375166889,0.0005401741530095193
39.018691588785046,0.00041995947470254466
39.0520694259012,0.0006539372045219457
39.08544726301735,0.00016409929984685607
39.118825100133506,0.0004446479491569193
39.15220293724966,0.0003258538831859438
39.18558077436582,0.0005651321158896891
39.21895861148197,0.0004995659234637342
39.25233644859813,0.00028998916547263694
39.285714285714285,0.000559521818455228
39.31909212283044,0.0007993259592621647
39.352469959946596,0.0003986081644665584
39.385847797062745,0.0006093305300634614
39.4192256341789,0.00038887486072850295
39.452603471295056,0.00024796029292459157
39.48598130841121,0.0001444468883823648
39.51935914552737,0.00028885917714062214
39.55273698264352,5.6722828283159836e-05
39.58611481975968,0.00026453362774274153
39.619492656875835,0.00015123893455022168
39.65287049399198,0.00042926061493048386
39.68624833110814,0.0004250927122259999
39.719626168224295,0.0006258895320330639
39.75300400534045,0.0002803623562778155
39.786381842456606,0.0006420776372488403
39.81975967957276,0.0003786134340621558
39.85313751668892,0.0002162231961968689
39.88651535380507,0.00032789375255314485
39.91989319092123,0.0006143339086230386
39.95327102803738,0.00023138799335501876
39.98664886515353,0.00036256609138748675
40.02002670226969,0.0005504947659274087
40.053404539385845,0.00038694347166124776
40.086782376502,2.200699257034914e-05
40.120160213618156,0.0006936774009684831
40.15353805073431,8.966913384213221e-05
40.18691588785047,0.00028465569965945193
40.220293724966616,0.00036081068291148207
40.25367156208277,0.0003456983268479149
40.28704939919893,0.000149940382577182
40.32042723631508,0.00010061730132330988
40.35380507343124,0.0006042048360711038
40.387182910547395,0.00015146125382880458
40.42056074766355,0.0005757651810653376
40.453938584779706,0.0005876202749008468
40.487316421895855,0.0004272159142041119
40.52069425901201,0.0005330915175911163
40.554072096128166,0.0005536554932600163
40.58744993324432,0.00011246613579666096
40.62082777036048,1.5293796138144767e-05
40.654205607476634,0.00014761525726619994
40.68758344459279,6.318318533134755e-05
40.720961281708945,0.00014933101266494434
40.7543391188251,5.767631368483784e-05
40.78771695594125,0.0004771235564740486
40.821094793057405,0.00024793063579823225
40.85447263017356,0.0003434742440945613
40.88785046728972,0.0005153470550013195
40.92122830440587,0.0006455233562728406
40.95460614152203,0.0002974964158157058
40.987983978638184,0.00017481520673787667
41.02136181575434,0.0004237604105702806
41.05473965287049,0.0005909933256190548
41.088117489986644,0.00035144548578263193
41.1214953271028,0.0002813518157698689
41.154873164218955,0.00021016192519993814
41.18825100133511,0.0002711341940685726
41.22162883845127,0.00036869432478575507
41.25500667556742,0.000510174706510852
41.28838451268358,0.000353253065574039
41.321762349799734,0.00036955205180706183
41.35514018691588,0.00038308045014463126
41.38851802403204,0.0004369840899911512
41.421895861148194,0.0005955709160552846
41.45527369826435,0.00016700679291335095
41.488651535380505,0.0005334362070695842
41.52202937249666,0.00025837485983513285
41.55540720961282,0.00035394377127034957
41.58878504672897,0.0007432684085860379
41.62216288384512,0.00022433407015019452
41.65554072096128,0.0005571096494508032
41.68891855807743,0.0004261648781173539
41.72229639519359,0.0004158280313213238
41.755674232309744,0.0004456954748576944
41.7890520694259,0.0002417026261711236
41.822429906542055,0.00017110327628458536
41.85580774365821,0.000917279890987938
41.88918558077436,0.00012455245038037405
41.922563417890515,0.0005337713012478659
41.95594125500667,0.0003909088549823313
41.98931909212283,5.872560687229415e-05
42.02269692923898,0.0001620467867958881
42.05607476635514,0.00020424648001826819
42.089452603471294,0.0004552686205077733
42.12283044058745,0.0006323843277832547
42.156208277703605,0.00041707417982121453
42.189586114819754,0.0002586495111671267
42.22296395193591,0.0006966789162932224
42.256341789052065,0.0004549151822706693
42.28971962616822,0.00021275132995102647
42.32309746328438,0.0001575743026073721
42.35647530040053,0.000172752207827487
42.38985313751669,0.00047759520892682315
42.423230974632844,0.00010907249231686713
42.45660881174899,0.00024383039889622551
42.48998664886515,0.000614380363666814
42.523364485981304,0.00028199646620831253
42.55674232309746,0.00018737013475790253
42.590120160213615,0.0002133004614712528
42.62349799732977,0.0003305136578880701
42.65687583444593,0.00036556784714905747
42.69025367156208,0.00027240670621859754
42.72363150867824,0.0004539655910144552
42.75700934579439,0.0007614358041134577
42.79038718291054,0.00018257045252107065
42.8237650200267,0.00013350001327236955
42.857142857142854,0.00025203157736472656
42.89052069425901,0.00018055826892933007
42.923898531375166,0.00040942044624655985
42.95727636849132,0.0001836867986593598
42.99065420560748,0.0002705292241148161
43.024032042723626,0.0004942504516739042
43.05740987983978,0.0003508551209837681
43.09078771695594,0.0002713860122689963
43.12416555407209,0.00027848632973691544
43.15754339118825,0.0003823420316959855
43.190921228304404,0.0004098039430591038
43.22429906542056,0.0006579351613192128
43.257676902536716,0.000468593422455534
43.291054739652864,0.00019801286563844362
43.32443257676902,8.119384138942953e-05
43.357810413885176,0.0009033599065389322
43.39118825100133,0.00015398428633841708
43.42456608811749,0.00016892289496448515
43.45794392523364,0.0005912240444023584
43.4913217623498,0.00018082882703415173
43.524699599465954,0.0003135714412432161
43.55807743658211,0.00020539868795678169
43.59145527369826,0.00014677952177680805
43.624833110814414,0.000460185818994579
43.65821094793057,0.00025623431047283905
43.691588785046726,0.0003848679289603808
43.72496662216288,0.00024459909470538727
43.75834445927904,0.00036277904735790235
43.79172229639519,0.0004504275687651163
43.82510013351135,0.0002596307453313835
43.8584779706275,0.00023786389289328386
43.89185580774365,0.00025986485535345577
43.92523364485981,0.00036336314527342573
43.958611481975964,0.0003158227613199453
43.99198931909212,0.0004095163448672215
44.025367156208276,0.00038482440564969496
44.05874499332443,0.00028766423313568874
44.09212283044059,0.0004231485929478969
44.125500667556736,0.0005499073543075817
44.15887850467289,0.0006968991847101804
44.19225634178905,0.0006093526226104934
44.2256341789052,3.1134619521753624e-05
44.25901201602136,0.00044199904002073097
44.292389853137514,0.00025052061080648623
44.32576769025367,0.0004094808749478268
44.359145527369826,0.000418800896388393
44.39252336448598,0.00035243512779207706
44.42590120160213,0.00011334740263065722
44.459279038718286,9.943112263342017e-05
44.49265687583444,0.0001417566650290537
44.5260347129506,0.00037074713332883554
44.55941255006675,0.00035751494752661676
44.59279038718291,4.461352836109002e-05
44.626168224299064,0.00035678911745734115
44.65954606141522,0.0003367368963307674
44.69292389853137,0.00019523475946381152
44.726301735647525,0.0003862731331627565
44.75967957276368,0.0002516516475416958
44.793057409879836,0.00039083897649553294
44.82643524699599,0.00016640516678464355
44.85981308411215,0.000453155720473092
44.8931909212283,0.00022946490960749235
44.92656875834446,0.0003780392893012532
44.959946595460615,0.00036890008659404386
44.99332443257676,0.00033685673107462343
45.02670226969292,0.0006530584603880936
45.060080106809075,0.0001405373814713064
45.09345794392523,0.00034649783157690827
45.126835781041386,0.0008791973073598341
45.16021361815754,0.00039165359186152106
45.1935914552737,0.0002795611648072241
45.22696929238985,0.0003031012230193567
45.260347129506,0.0007104258024954342
45.29372496662216,9.487057534407249e-05
45.32710280373831,0.0003638197849729543
45.36048064085447,0.0004026049357973702
45.393858477970625,0.0003251400984247611
45.42723631508678,0.0002968605241359253
45.460614152202936,0.000559382265422111
45.49399198931909,0.00027493703504618427
45.52736982643524,0.0004207958998124084
45.560747663551396,0.0004612467938810985
45.59412550066755,0.00030695895535470894
45.62750333778371,0.0005185702756533835
45.66088117489986,0.0007708783100549609
45.69425901201602,0.0004717530141723747
45.727636849132175,0.0003261023094834169
45.76101468624833,0.0001138162544999883
45.794392523364486,0.0006476810858482292
45.827770360480635,0.00045268806608316734
45.86114819759679,0.0002544871885474992
45.894526034712946,0.00037079427803022436
45.9279038718291,0.00018672953877178926
45.96128170894526,0.00033294419814637393
45.99465954606141,0.00011602410414765235
46.02803738317757,0.000739481812505644
46.061415220293725,0.0004995707797591185
46.09479305740987,0.00014926486150927643
46.12817089452603,0.0005047198644110851
46.161548731642185,0.00037817010209878173
46.19492656875834,0.0006371961203402946
46.228304405874496,0.00014617250057931308
46.26168224299065,7.617398339286759e-05
46.29506008010681,0.0002768065873773826
46.32843791722296,0.0004352667985245002
46.36181575433912,0.00016164215982585793
46.39519359145527,4.584051773113329e-05
46.42857142857142,0.0005179761924317607
46.46194926568758,0.0006694535768792387
46.495327102803735,0.0004996558283288475
46.52870493991989,0.00025893383442948507
46.562082777036046,0.00011315211014103861
46.5954606141522,0.0006332132259032722
46.62883845126836,0.00039710071268731444
46.662216288384506,0.0003705962119016718
46.69559412550066,0.00015739300676486615
46.72897196261682,0.00030775481583316755
46.762349799732974,0.00018283653327861668
46.79572763684913,0.00017762439201493956
46.829105473965285,0.0004395492518034113
46.86248331108144,0.0003534671659230986
46.895861148197596,0.00024134503990747746
46.929238985313745,0.0004719340101725646
46.9626168224299,0.00042007469251095574
46.99599465954606,0.00032542161732288964
47.02937249666221,0.00023688045139602364
47.06275033377837,0.00015265480108450532
47.096128170894524,0.00023170854088476424
47.12950600801068,0.00017373484629160818
47.162883845126835,0.0005242937830021285
47.19626168224299,0.000713833501729493
47.22963951935914,0.0005076929757689733
47.263017356475295,0.00034591886895223717
47.29639519359145,0.00029999853312958437
47.32977303070761,0.0005119498604679313
47.36315086782376,0.00025027735117780464
47.39652870493992,0.0003621536133000531
47.429906542056074,0.000254753035116814
47.46328437917223,0.0004535033714775549
47.49666221628838,0.0004239851283452677
47.530040053404534,0.00012674422967066235
47.56341789052069,0.000223066564392665
47.596795727636845,0.0004349888687483299
47.630173564753,0.00013314128072872556
47.66355140186916,0.0003349615674997558
47.69692923898531,0.0003257067915627086
47.73030707610147,0.0004292025413182477
47.763684913217624,0.0007299683415189962
47.79706275033377,0.0007323794745530768
47.83044058744993,0.00016328151775584415
47.863818424566084,0.0004804966165607083
47.89719626168224,0.0003211094433033977
47.930574098798395,0.00031766516811355684
47.96395193591455,0.0001521671082976608
47.99732977303071,0.0004346668559246145
48.03070761014686,0.0004325726873578629
48.06408544726301,0.00030237347002209334
48.09746328437917,0.00041363697219453017
48.13084112149532,8.278642817504066e-05
48.16421895861148,0.0004830897227660175
48.197596795727634,0.0001571165842393392
48.23097463284379,0.00035732920678003237
48.264352469959945,0.0006973133796795002
48.2977303070761,0.00035263414821017173
48.33110814419225,0.0003820111622901906
48.364485981308405,1.0992972626131433e-05
48.39786381842456,0.0006836471862852954
48.43124165554072,0.00012762626296146113
48.46461949265687,0.00013307228572130057
48.49799732977303,0.00013678773851703093
48.531375166889184,0.00019828764905924738
48.56475300400534,0.00015914960309548385
48.598130841121495,0.00014541023401365663
48.631508678237644,0.0008387422535403702
48.6648865153538,0.0002986454271772801
48.698264352469955,0.0002520988240990735
48.73164218958611,0.0006515883324855604
48.76502002670227,0.0005520944054114105
48.79839786381842,0.000469780750988653
48.83177570093458,0.00023926621935539729
48.865153538050734,0.0005451451357830924
48.89853137516688,0.00031680260881125676
48.93190921228304,0.00019526365110213793
48.965287049399194,0.0008271657020408154
48.99866488651535,0.00018466586118675226
49.032042723631506,0.0005291662768929749
49.06542056074766,0.00028928076797142847
49.09879839786382,0.0003762596591783971
49.13217623497997,0.0002050025102698012
49.16555407209613,0.0004174850844839118
49.19893190921228,9.213854992546113e-05
49.23230974632843,0.00044249353789395656
49.26568758344459,0.00033535918345533694
49.299065420560744,0.00010526171996285701
49.3324432576769,0.0005833962084908222
49.365821094793056,0.0005167925847505068
49.39919893190921,0.0002493110299554651
49.43257676902537,0.00026908798581748704
49.465954606141516,0.00029111164176962793
49.49933244325767,0.00017316273502575554
49.53271028037383,0.0002287051475962022
49.56608811748998,0.0005627084962886806
49.59946595460614,0.00032114374735282147
49.632843791722294,0.000277147859260811
49.66622162883845,0.0004730622923150442
49.699599465954606,0.00015444670517751784
49.732977303070754,0.0004109065354051364
49.76635514018691,0.000726050159976065
49.799732977303066,0.0001177369871726915
49.83311081441922,0.00033323287524107415
49.86648865153538,0.00043557008642473513
49.89986648865153,0.0005817672283022008
49.93324432576769,9.221333099906103e-05
49.966622162883844,0.00037386127747947605
50.0,0.0002865430759887568
